ID_Cliente;Nome;Sobrenome
1;Rafaela;Grandon
2;Beatriz;Constantino
3;Pedro;Santos
4;Paulo;Melon
5;Joao;Bilon
6;Beatriz;Almeida
7;Vitor;Bilon
8;Siumara;Santos
9;Pedro;Santos
10;Siumara;Ferreira
11;Pedro;Melon
12;Joao;Constantino
13;Joao;Grandon
14;Ana;Pereira
15;Pedro;Oliveira
16;Gabriel;Almeida
17;Pedro;Melon
18;Joao;Constantino
19;Rafaela;Oliveira
20;Gabriel;Bilon
21;Lucas;Almeida
22;Ana;Santos
23;Ana;Ferreira
24;Rafaela;Grandon
25;Pedro;Pereira
26;Siumara;Grandon
27;Paulo;Pereira
28;Rafaela;Pereira
29;Jose;Bilon
30;Rafaela;Constantino
31;Joao;Melo
32;Paulo;Oliveira
33;Beatriz;Melon
34;Lucas;Pereira
35;Rafaela;Almeida
36;Paulo;Grandon
37;Paulo;Almeida
38;Gabriel;Melon
39;Rafael;Melo
40;Pedro;Constantino
41;Gabriel;Constantino
42;Siumara;Bilon
43;Beatriz;Santos
44;Vitor;Lates
45;Ana;Lates
46;Vitor;Constantino
47;Ana;Pereira
48;Beatriz;Fernandes
49;Lucas;Lates
50;Jose;Bilon
51;Jose;Fernandes
52;Paulo;Melon
53;Jose;Pereira
54;Joao;Pereira
55;Ana;Bilon
56;Lucas;Ferreira
57;Paulo;Almeida
58;Lucas;Pereira
59;Gabriel;Bilon
60;Gabriel;Oliveira
61;Ana;Grandon
62;Paulo;Grandon
63;Jose;Constantino
64;Beatriz;Fernandes
65;Beatriz;Melo
66;Jose;Grandon
67;Pedro;Grandon
68;Pedro;Oliveira
69;Vitor;Melon
70;Jose;Melo
71;Siumara;Pereira
72;Ana;Pereira
73;Paulo;Ferreira
74;Jose;Ferreira
75;Siumara;Fernandes
76;Rafaela;Santos
77;Gabriel;Bilon
78;Gabriel;Lates
79;Joao;Santos
80;Rafael;Melo
81;Rafaela;Fernandes
82;Rafael;Grandon
83;Ana;Oliveira
84;Joao;Melo
85;Rafaela;Pereira
86;Siumara;Bilon
87;Jose;Bilon
88;Paulo;Pereira
89;Gabriel;Melon
90;Gabriel;Almeida
91;Rafaela;Grandon
92;Gabriel;Constantino
93;Pedro;Melon
94;Rafael;Oliveira
95;Ana;Ferreira
96;Rafaela;Santos
97;Rafael;Pereira
98;Paulo;Bilon
99;Joao;Almeida
100;Pedro;Ferreira
101;Beatriz;Fernandes
102;Rafael;Oliveira
103;Joao;Ferreira
104;Rafael;Pereira
105;Jose;Lates
106;Beatriz;Melon
107;Siumara;Santos
108;Paulo;Lates
109;Pedro;Fernandes
110;Beatriz;Grandon
111;Paulo;Constantino
112;Rafael;Melo
113;Vitor;Bilon
114;Jose;Grandon
115;Jose;Oliveira
116;Gabriel;Oliveira
117;Rafaela;Grandon
118;Pedro;Oliveira
119;Rafael;Melo
120;Siumara;Ferreira
121;Lucas;Ferreira
122;Siumara;Pereira
123;Gabriel;Lates
124;Rafael;Constantino
125;Gabriel;Ferreira
126;Rafaela;Fernandes
127;Lucas;Melon
128;Rafael;Ferreira
129;Gabriel;Lates
130;Lucas;Pereira
131;Lucas;Ferreira
132;Beatriz;Santos
133;Rafael;Santos
134;Vitor;Melo
135;Lucas;Fernandes
136;Ana;Almeida
137;Jose;Lates
138;Jose;Constantino
139;Gabriel;Constantino
140;Pedro;Almeida
141;Paulo;Oliveira
142;Vitor;Santos
143;Gabriel;Constantino
144;Rafael;Oliveira
145;Vitor;Melo
146;Ana;Pereira
147;Siumara;Melo
148;Gabriel;Fernandes
149;Paulo;Grandon
150;Beatriz;Constantino
151;Ana;Grandon
152;Joao;Pereira
153;Vitor;Pereira
154;Lucas;Santos
155;Pedro;Melon
156;Rafaela;Melo
157;Pedro;Oliveira
158;Gabriel;Almeida
159;Paulo;Santos
160;Rafaela;Oliveira
161;Beatriz;Ferreira
162;Vitor;Lates
163;Paulo;Fernandes
164;Paulo;Ferreira
165;Vitor;Ferreira
166;Vitor;Santos
167;Beatriz;Pereira
168;Jose;Almeida
169;Rafaela;Santos
170;Gabriel;Santos
171;Paulo;Oliveira
172;Beatriz;Constantino
173;Paulo;Grandon
174;Lucas;Constantino
175;Beatriz;Bilon
176;Pedro;Pereira
177;Paulo;Oliveira
178;Rafaela;Melon
179;Jose;Melo
180;Siumara;Constantino
181;Paulo;Almeida
182;Rafaela;Oliveira
183;Lucas;Oliveira
184;Gabriel;Grandon
185;Gabriel;Constantino
186;Siumara;Almeida
187;Pedro;Melo
188;Rafaela;Grandon
189;Paulo;Bilon
190;Joao;Almeida
191;Vitor;Santos
192;Vitor;Oliveira
193;Paulo;Santos
194;Gabriel;Melo
195;Ana;Constantino
196;Beatriz;Bilon
197;Rafael;Santos
198;Rafaela;Ferreira
199;Beatriz;Grandon
200;Beatriz;Pereira
201;Pedro;Grandon
202;Vitor;Fernandes
203;Siumara;Fernandes
204;Beatriz;Santos
205;Paulo;Oliveira
206;Siumara;Bilon
207;Rafaela;Almeida
208;Jose;Almeida
209;Beatriz;Santos
210;Pedro;Constantino
211;Gabriel;Lates
212;Ana;Melon
213;Ana;Almeida
214;Ana;Grandon
215;Ana;Ferreira
216;Vitor;Bilon
217;Lucas;Constantino
218;Paulo;Fernandes
219;Lucas;Fernandes
220;Lucas;Lates
221;Jose;Constantino
222;Rafaela;Oliveira
223;Vitor;Constantino
224;Rafaela;Grandon
225;Jose;Pereira
226;Lucas;Almeida
227;Pedro;Lates
228;Joao;Constantino
229;Paulo;Santos
230;Gabriel;Bilon
231;Joao;Bilon
232;Rafael;Melon
233;Jose;Oliveira
234;Rafaela;Melon
235;Rafaela;Melon
236;Vitor;Lates
237;Beatriz;Lates
238;Gabriel;Fernandes
239;Paulo;Santos
240;Ana;Santos
241;Jose;Oliveira
242;Ana;Melon
243;Jose;Santos
244;Rafaela;Oliveira
245;Paulo;Bilon
246;Joao;Constantino
247;Joao;Melo
248;Ana;Constantino
249;Lucas;Melo
250;Ana;Melo
251;Lucas;Fernandes
252;Pedro;Melon
253;Jose;Pereira
254;Jose;Oliveira
255;Vitor;Melon
256;Vitor;Melon
257;Lucas;Lates
258;Lucas;Almeida
259;Joao;Fernandes
260;Rafaela;Pereira
261;Lucas;Oliveira
262;Gabriel;Almeida
263;Rafael;Almeida
264;Rafael;Fernandes
265;Joao;Melon
266;Gabriel;Lates
267;Pedro;Constantino
268;Rafael;Melo
269;Rafael;Grandon
270;Vitor;Oliveira
271;Rafael;Constantino
272;Lucas;Constantino
273;Ana;Lates
274;Pedro;Santos
275;Lucas;Oliveira
276;Paulo;Bilon
277;Joao;Almeida
278;Paulo;Santos
279;Rafaela;Melon
280;Paulo;Santos
281;Siumara;Oliveira
282;Pedro;Constantino
283;Paulo;Grandon
284;Ana;Lates
285;Rafaela;Oliveira
286;Ana;Santos
287;Joao;Bilon
288;Rafael;Almeida
289;Pedro;Lates
290;Gabriel;Constantino
291;Pedro;Pereira
292;Paulo;Bilon
293;Gabriel;Ferreira
294;Siumara;Lates
295;Rafael;Lates
296;Ana;Fernandes
297;Joao;Constantino
298;Siumara;Melo
299;Beatriz;Constantino
300;Rafael;Melon
301;Vitor;Fernandes
302;Lucas;Ferreira
303;Siumara;Ferreira
304;Vitor;Grandon
305;Pedro;Bilon
306;Pedro;Grandon
307;Ana;Ferreira
308;Jose;Bilon
309;Vitor;Ferreira
310;Rafaela;Almeida
311;Ana;Melo
312;Siumara;Lates
313;Siumara;Lates
314;Pedro;Pereira
315;Paulo;Constantino
316;Rafael;Melo
317;Siumara;Santos
318;Joao;Constantino
319;Paulo;Almeida
320;Siumara;Ferreira
321;Paulo;Santos
322;Vitor;Fernandes
323;Lucas;Melon
324;Ana;Almeida
325;Lucas;Melon
326;Siumara;Melon
327;Gabriel;Grandon
328;Jose;Melo
329;Jose;Melon
330;Pedro;Lates
331;Gabriel;Fernandes
332;Lucas;Grandon
333;Jose;Grandon
334;Lucas;Santos
335;Gabriel;Grandon
336;Beatriz;Fernandes
337;Jose;Lates
338;Joao;Bilon
339;Vitor;Ferreira
340;Rafael;Almeida
341;Vitor;Almeida
342;Beatriz;Ferreira
343;Lucas;Oliveira
344;Joao;Ferreira
345;Siumara;Bilon
346;Rafael;Constantino
347;Gabriel;Pereira
348;Rafaela;Lates
349;Paulo;Melon
350;Paulo;Santos
351;Siumara;Pereira
352;Pedro;Bilon
353;Pedro;Fernandes
354;Gabriel;Melon
355;Lucas;Ferreira
356;Beatriz;Fernandes
357;Gabriel;Lates
358;Lucas;Grandon
359;Gabriel;Santos
360;Paulo;Oliveira
361;Rafaela;Pereira
362;Lucas;Almeida
363;Vitor;Melo
364;Rafael;Pereira
365;Joao;Lates
366;Siumara;Bilon
367;Beatriz;Fernandes
368;Siumara;Almeida
369;Jose;Pereira
370;Rafael;Ferreira
371;Rafael;Constantino
372;Joao;Melon
373;Gabriel;Melon
374;Beatriz;Grandon
375;Paulo;Almeida
376;Ana;Bilon
377;Jose;Oliveira
378;Joao;Ferreira
379;Rafael;Melo
380;Lucas;Constantino
381;Beatriz;Melon
382;Pedro;Pereira
383;Pedro;Oliveira
384;Ana;Santos
385;Ana;Oliveira
386;Rafaela;Santos
387;Jose;Constantino
388;Rafael;Oliveira
389;Rafaela;Pereira
390;Pedro;Bilon
391;Gabriel;Melo
392;Gabriel;Melo
393;Siumara;Santos
394;Jose;Almeida
395;Beatriz;Bilon
396;Vitor;Melon
397;Joao;Oliveira
398;Vitor;Pereira
399;Vitor;Ferreira
400;Jose;Santos
401;Lucas;Pereira
402;Paulo;Melon
403;Lucas;Fernandes
404;Gabriel;Ferreira
405;Lucas;Lates
406;Jose;Constantino
407;Jose;Santos
408;Gabriel;Fernandes
409;Paulo;Grandon
410;Paulo;Melo
411;Ana;Oliveira
412;Jose;Pereira
413;Gabriel;Almeida
414;Pedro;Bilon
415;Ana;Constantino
416;Rafaela;Melon
417;Lucas;Oliveira
418;Pedro;Lates
419;Ana;Fernandes
420;Gabriel;Ferreira
421;Rafaela;Ferreira
422;Vitor;Bilon
423;Pedro;Ferreira
424;Vitor;Melon
425;Vitor;Almeida
426;Lucas;Almeida
427;Beatriz;Grandon
428;Siumara;Santos
429;Beatriz;Lates
430;Lucas;Oliveira
431;Ana;Santos
432;Vitor;Fernandes
433;Pedro;Melo
434;Joao;Melon
435;Joao;Melo
436;Ana;Almeida
437;Jose;Grandon
438;Joao;Bilon
439;Paulo;Almeida
440;Beatriz;Melon
441;Gabriel;Fernandes
442;Paulo;Oliveira
443;Joao;Almeida
444;Beatriz;Melo
445;Siumara;Ferreira
446;Ana;Bilon
447;Rafael;Lates
448;Paulo;Melon
449;Paulo;Bilon
450;Jose;Melon
451;Paulo;Lates
452;Rafaela;Melon
453;Beatriz;Pereira
454;Pedro;Melo
455;Rafael;Melon
456;Rafaela;Santos
457;Rafaela;Pereira
458;Beatriz;Melon
459;Vitor;Santos
460;Lucas;Fernandes
461;Pedro;Grandon
462;Siumara;Fernandes
463;Rafael;Almeida
464;Beatriz;Bilon
465;Jose;Oliveira
466;Jose;Grandon
467;Paulo;Bilon
468;Rafael;Pereira
469;Siumara;Santos
470;Beatriz;Lates
471;Pedro;Santos
472;Gabriel;Pereira
473;Rafael;Bilon
474;Lucas;Melo
475;Rafael;Almeida
476;Joao;Constantino
477;Gabriel;Grandon
478;Pedro;Pereira
479;Gabriel;Melon
480;Rafaela;Grandon
481;Beatriz;Constantino
482;Lucas;Santos
483;Lucas;Bilon
484;Jose;Melon
485;Joao;Lates
486;Gabriel;Almeida
487;Ana;Almeida
488;Pedro;Oliveira
489;Siumara;Bilon
490;Gabriel;Santos
491;Ana;Melon
492;Beatriz;Grandon
493;Paulo;Melo
494;Paulo;Ferreira
495;Siumara;Pereira
496;Gabriel;Oliveira
497;Jose;Constantino
498;Jose;Lates
499;Rafael;Lates
500;Gabriel;Lates
501;Rafael;Constantino
502;Rafaela;Melon
503;Vitor;Santos
504;Beatriz;Santos
505;Paulo;Pereira
506;Rafael;Oliveira
507;Joao;Fernandes
508;Gabriel;Constantino
509;Siumara;Santos
510;Beatriz;Melo
511;Jose;Melo
512;Jose;Grandon
513;Pedro;Fernandes
514;Vitor;Lates
515;Paulo;Pereira
516;Pedro;Lates
517;Ana;Grandon
518;Paulo;Almeida
519;Pedro;Constantino
520;Joao;Ferreira
521;Jose;Bilon
522;Jose;Constantino
523;Rafaela;Oliveira
524;Joao;Grandon
525;Vitor;Fernandes
526;Rafaela;Oliveira
527;Rafaela;Grandon
528;Ana;Santos
529;Rafael;Bilon
530;Vitor;Grandon
531;Paulo;Lates
532;Pedro;Melo
533;Rafael;Constantino
534;Rafael;Grandon
535;Lucas;Fernandes
536;Rafaela;Santos
537;Vitor;Melon
538;Paulo;Pereira
539;Gabriel;Bilon
540;Gabriel;Oliveira
541;Ana;Ferreira
542;Siumara;Lates
543;Paulo;Grandon
544;Jose;Pereira
545;Paulo;Almeida
546;Siumara;Oliveira
547;Lucas;Santos
548;Jose;Ferreira
549;Lucas;Santos
550;Vitor;Almeida
551;Siumara;Melon
552;Gabriel;Melo
553;Vitor;Melon
554;Pedro;Lates
555;Siumara;Melo
556;Beatriz;Ferreira
557;Paulo;Melo
558;Rafaela;Melon
559;Vitor;Constantino
560;Pedro;Lates
561;Rafael;Oliveira
562;Ana;Melo
563;Pedro;Oliveira
564;Ana;Constantino
565;Pedro;Ferreira
566;Gabriel;Fernandes
567;Joao;Lates
568;Rafaela;Ferreira
569;Pedro;Melo
570;Lucas;Grandon
571;Siumara;Pereira
572;Beatriz;Melon
573;Gabriel;Melon
574;Gabriel;Melo
575;Rafaela;Constantino
576;Paulo;Fernandes
577;Pedro;Grandon
578;Beatriz;Melon
579;Siumara;Ferreira
580;Lucas;Almeida
581;Beatriz;Melo
582;Rafaela;Constantino
583;Beatriz;Constantino
584;Rafaela;Fernandes
585;Vitor;Melon
586;Joao;Pereira
587;Rafaela;Bilon
588;Gabriel;Fernandes
589;Rafaela;Constantino
590;Paulo;Oliveira
591;Joao;Fernandes
592;Siumara;Almeida
593;Joao;Grandon
594;Rafaela;Pereira
595;Ana;Santos
596;Joao;Grandon
597;Paulo;Melo
598;Beatriz;Bilon
599;Jose;Santos
600;Lucas;Almeida
601;Lucas;Oliveira
602;Ana;Melo
603;Gabriel;Almeida
604;Joao;Melon
605;Jose;Grandon
606;Siumara;Melo
607;Ana;Lates
608;Rafaela;Bilon
609;Rafaela;Pereira
610;Ana;Santos
611;Rafael;Grandon
612;Beatriz;Ferreira
613;Vitor;Grandon
614;Joao;Pereira
615;Rafael;Pereira
616;Vitor;Grandon
617;Ana;Santos
618;Beatriz;Fernandes
619;Paulo;Bilon
620;Beatriz;Melo
621;Ana;Santos
622;Joao;Lates
623;Lucas;Ferreira
624;Paulo;Fernandes
625;Gabriel;Melo
626;Siumara;Melo
627;Rafaela;Almeida
628;Pedro;Bilon
629;Lucas;Melo
630;Pedro;Santos
631;Rafael;Melo
632;Vitor;Ferreira
633;Gabriel;Melon
634;Vitor;Almeida
635;Joao;Oliveira
636;Gabriel;Melon
637;Rafaela;Constantino
638;Rafaela;Grandon
639;Lucas;Melon
640;Rafaela;Ferreira
641;Joao;Lates
642;Ana;Constantino
643;Rafael;Fernandes
644;Joao;Lates
645;Siumara;Ferreira
646;Jose;Ferreira
647;Lucas;Oliveira
648;Vitor;Oliveira
649;Vitor;Oliveira
650;Jose;Melo
651;Beatriz;Oliveira
652;Ana;Melon
653;Lucas;Bilon
654;Paulo;Santos
655;Beatriz;Constantino
656;Lucas;Melo
657;Gabriel;Bilon
658;Beatriz;Oliveira
659;Ana;Oliveira
660;Vitor;Santos
661;Gabriel;Santos
662;Vitor;Oliveira
663;Joao;Melon
664;Gabriel;Bilon
665;Siumara;Almeida
666;Jose;Fernandes
667;Jose;Fernandes
668;Beatriz;Almeida
669;Gabriel;Melon
670;Pedro;Oliveira
671;Rafaela;Oliveira
672;Siumara;Grandon
673;Lucas;Bilon
674;Vitor;Melo
675;Beatriz;Ferreira
676;Jose;Melo
677;Jose;Melon
678;Ana;Santos
679;Pedro;Oliveira
680;Rafael;Pereira
681;Beatriz;Oliveira
682;Siumara;Pereira
683;Vitor;Grandon
684;Gabriel;Almeida
685;Rafaela;Oliveira
686;Rafaela;Melon
687;Lucas;Ferreira
688;Jose;Fernandes
689;Lucas;Constantino
690;Gabriel;Grandon
691;Rafael;Lates
692;Siumara;Bilon
693;Lucas;Ferreira
694;Lucas;Melon
695;Jose;Almeida
696;Siumara;Fernandes
697;Siumara;Melon
698;Jose;Melon
699;Jose;Melon
700;Gabriel;Fernandes
701;Beatriz;Grandon
702;Gabriel;Constantino
703;Jose;Santos
704;Lucas;Ferreira
705;Joao;Almeida
706;Jose;Bilon
707;Ana;Ferreira
708;Siumara;Pereira
709;Beatriz;Constantino
710;Gabriel;Almeida
711;Joao;Almeida
712;Lucas;Santos
713;Gabriel;Pereira
714;Pedro;Grandon
715;Rafaela;Grandon
716;Siumara;Santos
717;Pedro;Pereira
718;Lucas;Oliveira
719;Joao;Constantino
720;Jose;Lates
721;Jose;Constantino
722;Rafaela;Almeida
723;Siumara;Melo
724;Beatriz;Ferreira
725;Jose;Constantino
726;Ana;Santos
727;Gabriel;Santos
728;Vitor;Santos
729;Gabriel;Ferreira
730;Jose;Ferreira
731;Gabriel;Melon
732;Gabriel;Almeida
733;Gabriel;Melon
734;Rafael;Melon
735;Rafael;Ferreira
736;Siumara;Ferreira
737;Rafaela;Lates
738;Siumara;Almeida
739;Rafael;Melo
740;Gabriel;Bilon
741;Jose;Ferreira
742;Lucas;Melon
743;Rafaela;Melon
744;Vitor;Lates
745;Rafael;Bilon
746;Ana;Melon
747;Lucas;Melon
748;Ana;Lates
749;Siumara;Almeida
750;Rafael;Melo
751;Rafael;Bilon
752;Siumara;Constantino
753;Beatriz;Santos
754;Pedro;Fernandes
755;Vitor;Bilon
756;Gabriel;Fernandes
757;Gabriel;Almeida
758;Siumara;Oliveira
759;Lucas;Melon
760;Vitor;Pereira
761;Lucas;Pereira
762;Rafael;Pereira
763;Beatriz;Melon
764;Jose;Fernandes
765;Rafaela;Ferreira
766;Jose;Santos
767;Jose;Bilon
768;Lucas;Constantino
769;Jose;Melon
770;Siumara;Pereira
771;Vitor;Fernandes
772;Pedro;Santos
773;Lucas;Grandon
774;Rafael;Melon
775;Vitor;Melo
776;Rafael;Melon
777;Paulo;Pereira
778;Lucas;Oliveira
779;Ana;Almeida
780;Paulo;Lates
781;Joao;Bilon
782;Vitor;Ferreira
783;Vitor;Ferreira
784;Rafaela;Ferreira
785;Ana;Bilon
786;Vitor;Melo
787;Siumara;Fernandes
788;Rafaela;Lates
789;Paulo;Lates
790;Rafael;Grandon
791;Rafaela;Almeida
792;Jose;Grandon
793;Siumara;Constantino
794;Vitor;Almeida
795;Beatriz;Lates
796;Vitor;Pereira
797;Gabriel;Bilon
798;Ana;Oliveira
799;Beatriz;Oliveira
800;Pedro;Almeida
801;Paulo;Bilon
802;Vitor;Melon
803;Rafaela;Oliveira
804;Ana;Melo
805;Ana;Pereira
806;Pedro;Pereira
807;Siumara;Lates
808;Ana;Santos
809;Paulo;Pereira
810;Rafaela;Melon
811;Paulo;Grandon
812;Gabriel;Bilon
813;Ana;Oliveira
814;Rafael;Oliveira
815;Rafael;Santos
816;Lucas;Oliveira
817;Lucas;Melon
818;Ana;Lates
819;Beatriz;Ferreira
820;Ana;Ferreira
821;Pedro;Ferreira
822;Beatriz;Constantino
823;Ana;Ferreira
824;Lucas;Santos
825;Vitor;Santos
826;Lucas;Bilon
827;Rafaela;Pereira
828;Pedro;Bilon
829;Joao;Melon
830;Beatriz;Bilon
831;Siumara;Melo
832;Ana;Fernandes
833;Siumara;Oliveira
834;Rafaela;Almeida
835;Rafael;Fernandes
836;Ana;Melon
837;Vitor;Almeida
838;Paulo;Fernandes
839;Gabriel;Bilon
840;Lucas;Oliveira
841;Pedro;Oliveira
842;Paulo;Oliveira
843;Beatriz;Constantino
844;Beatriz;Pereira
845;Rafaela;Almeida
846;Gabriel;Ferreira
847;Beatriz;Melo
848;Pedro;Ferreira
849;Rafael;Almeida
850;Siumara;Constantino
851;Paulo;Pereira
852;Vitor;Constantino
853;Beatriz;Melon
854;Vitor;Lates
855;Gabriel;Bilon
856;Lucas;Fernandes
857;Ana;Oliveira
858;Beatriz;Santos
859;Rafael;Oliveira
860;Siumara;Pereira
861;Jose;Almeida
862;Pedro;Lates
863;Joao;Lates
864;Vitor;Melon
865;Siumara;Almeida
866;Joao;Melo
867;Rafaela;Bilon
868;Lucas;Almeida
869;Joao;Lates
870;Beatriz;Lates
871;Gabriel;Fernandes
872;Gabriel;Melo
873;Pedro;Lates
874;Siumara;Oliveira
875;Pedro;Almeida
876;Vitor;Almeida
877;Ana;Grandon
878;Paulo;Santos
879;Rafael;Melo
880;Joao;Grandon
881;Lucas;Constantino
882;Joao;Grandon
883;Rafaela;Pereira
884;Ana;Bilon
885;Paulo;Grandon
886;Joao;Fernandes
887;Siumara;Ferreira
888;Lucas;Pereira
889;Paulo;Oliveira
890;Gabriel;Fernandes
891;Jose;Melon
892;Paulo;Santos
893;Rafaela;Pereira
894;Beatriz;Grandon
895;Beatriz;Grandon
896;Paulo;Santos
897;Pedro;Fernandes
898;Rafaela;Oliveira
899;Beatriz;Oliveira
900;Vitor;Melon
901;Paulo;Ferreira
902;Ana;Melon
903;Beatriz;Constantino
904;Joao;Ferreira
905;Vitor;Constantino
906;Lucas;Bilon
907;Rafael;Melon
908;Jose;Bilon
909;Vitor;Melon
910;Jose;Grandon
911;Lucas;Bilon
912;Gabriel;Pereira
913;Rafael;Oliveira
914;Gabriel;Melo
915;Joao;Melon
916;Pedro;Ferreira
917;Joao;Melon
918;Pedro;Bilon
919;Joao;Ferreira
920;Beatriz;Melon
921;Rafaela;Melon
922;Gabriel;Constantino
923;Ana;Ferreira
924;Rafaela;Bilon
925;Lucas;Constantino
926;Rafael;Lates
927;Joao;Lates
928;Lucas;Lates
929;Siumara;Fernandes
930;Joao;Constantino
931;Gabriel;Pereira
932;Ana;Ferreira
933;Rafaela;Almeida
934;Lucas;Melon
935;Ana;Melon
936;Rafaela;Santos
937;Rafael;Oliveira
938;Siumara;Almeida
939;Jose;Ferreira
940;Siumara;Constantino
941;Ana;Melo
942;Rafael;Almeida
943;Joao;Melon
944;Ana;Melo
945;Joao;Pereira
946;Paulo;Melon
947;Ana;Almeida
948;Rafaela;Fernandes
949;Paulo;Pereira
950;Beatriz;Oliveira
951;Pedro;Ferreira
952;Jose;Lates
953;Gabriel;Grandon
954;Siumara;Grandon
955;Pedro;Pereira
956;Beatriz;Fernandes
957;Rafael;Grandon
958;Ana;Lates
959;Ana;Santos
960;Beatriz;Oliveira
961;Pedro;Oliveira
962;Jose;Bilon
963;Beatriz;Oliveira
964;Vitor;Pereira
965;Lucas;Oliveira
966;Beatriz;Melo
967;Pedro;Melon
968;Paulo;Fernandes
969;Rafaela;Grandon
970;Jose;Constantino
971;Jose;Grandon
972;Beatriz;Fernandes
973;Gabriel;Bilon
974;Rafaela;Fernandes
975;Paulo;Bilon
976;Beatriz;Almeida
977;Beatriz;Santos
978;Ana;Pereira
979;Pedro;Lates
980;Pedro;Santos
981;Gabriel;Santos
982;Beatriz;Lates
983;Vitor;Grandon
984;Ana;Lates
985;Ana;Fernandes
986;Rafaela;Lates
987;Siumara;Almeida
988;Jose;Lates
989;Lucas;Fernandes
990;Paulo;Lates
991;Jose;Almeida
992;Rafael;Bilon
993;Beatriz;Bilon
994;Rafaela;Oliveira
995;Ana;Oliveira
996;Lucas;Constantino
997;Ana;Almeida
998;Pedro;Oliveira
999;Joao;Grandon
1000;Siumara;Almeida
